INSERT INTO virtual_teacher.courses (course_id, title, topic_id, description, creator_id, is_published, start_date) VALUES (1, 'Rise and Fall of Ancient ', 1, 'Explore the compelling rise and eventual decline of ancient civilizations across the globe. From the majestic empires of Mesopotamia to the enigmatic Mayan culture, delve into the societal, political, and economic factors that propelled these civilizations to greatness and ultimately led to their downfall.', 4, 1, '2023-11-17 16:24:08');
INSERT INTO virtual_teacher.courses (course_id, title, topic_id, description, creator_id, is_published, start_date) VALUES (2, 'World Wars: Global Conflicts ', 1, 'Delve into the cataclysmic events of the 20th century, exploring the origins, strategies, and consequences of World War I and II. Understand the socio-political upheavals, technological advancements, and the lasting impact of these conflicts on global geopolitics and societal structures.', 5, 1, '2023-11-15 16:24:59');
INSERT INTO virtual_teacher.courses (course_id, title, topic_id, description, creator_id, is_published, start_date) VALUES (3, 'Revolutionary Movements: Ideology and Change', 1, 'Explore the revolutionary movements that have shaped the course of history, from the Enlightenment to modern-day social upheavals. Analyze the ideologies, key figures, and socio-political transformations brought about by these movements across various continents.', 6, 0, '2023-11-03 16:25:35');
INSERT INTO virtual_teacher.courses (course_id, title, topic_id, description, creator_id, is_published, start_date) VALUES (4, 'Exploring the Universe: Astronomy ', 2, 'Embark on a captivating journey through the vastness of space and time. From the celestial bodies within our solar system to the expansive mysteries of the cosmos, this course explores the principles of astronomy and cosmology, shedding light on the evolution of our understanding of the universe.', 4, 1, '2023-11-13 16:26:35');
INSERT INTO virtual_teacher.courses (course_id, title, topic_id, description, creator_id, is_published, start_date) VALUES (5, 'The Wonders of Life: Biology ', 2, 'Delve into the intricate web of life on Earth, from the tiniest microorganisms to the complexities of ecosystems. This course explores the fundamental principles of biology, genetics, evolution, and ecology, unraveling the mysteries of life itself.', 5, 0, '2023-11-17 16:27:03');
INSERT INTO virtual_teacher.courses (course_id, title, topic_id, description, creator_id, is_published, start_date) VALUES (6, 'Classics of World Literature: Exploring ', 3, 'Embark on a literary odyssey through some of the most influential and enduring works in world literature. This course delves into the timeless themes, characters, and cultural impacts of classic literary masterpieces from diverse eras and regions.', 4, 1, '2023-11-03 16:27:59');
INSERT INTO virtual_teacher.courses (course_id, title, topic_id, description, creator_id, is_published, start_date) VALUES (7, 'Literary Theory and Criticism: Analyzing ', 3, 'Delve into the fascinating world of literary theory and criticism, exploring various lenses through which literature can be analyzed and interpreted. This course introduces critical frameworks and methodologies to dissect and understand texts from diverse perspectives.', 5, 0, '2023-11-02 16:28:02');
INSERT INTO virtual_teacher.courses (course_id, title, topic_id, description, creator_id, is_published, start_date) VALUES (8, 'The Evolution of Literary Genres: From Poetry ', 3, 'Explore the rich tapestry of literary genres across different time periods and cultures. This course delves into the development, characteristics, and significance of various genres, from poetry and drama to science fiction and beyond.', 6, 1, '2023-11-11 16:28:05');

INSERT INTO virtual_teacher.users (user_id, first_name, last_name, email, password, role_id, profile_picture_url) VALUES (1, 'Ivan', 'Ivan', 'ivan.ivanov@example.com', 'Ivan.ivanov@123', 1, 'https://images.pexels.com/photos/771742/pexels-photo-771742.jpeg?auto=compress&cs=tinysrgb&dpr=1&w=500');
INSERT INTO virtual_teacher.users (user_id, first_name, last_name, email, password, role_id, profile_picture_url) VALUES (2, 'Petar', 'Stoqnov', 'petar.stoqnov@example.com', 'Petar.stoqnov@123', 1, 'https://encrypted-tbn0.gstatic.com/images?q=tbn:ANd9GcQmXy63Plt-UY_UKrIgj5Ogv9C1tglLP43YJF5_mWbVSA&s');
INSERT INTO virtual_teacher.users (user_id, first_name, last_name, email, password, role_id, profile_picture_url) VALUES (3, 'Rosica', 'Dimitrova', 'rosica.dimitrova@example.com', 'Rosica.dimitrova@123', 1, 'data:image/jpeg;base64,/9j/4AAQSkZJRgABAQAAAQABAAD/2wCEAAoHCBYVFRUVFhUYGBgYGBgVGBgYGBgYGBkYGBgZGRgYGBgcIS4lHB4rHxgYJjgmKy8xNTU1GiQ7QDs0Py40NTEBDAwMEA8QHhISHjQrJCs0MTQ0MTQ0NDQxNDQ0NDQ0NDQ0NDQ0NDQ0NDQ0NDQ0NDQ0NDQ0NDQ0NDQ0NDQ0NDQ0NP/AABEIALcBEwMBIgACEQEDEQH/xAAcAAABBQEBAQAAAAAAAAAAAAADAAIEBQYBBwj/xAA7EAABAwIDBQYFAwMEAgMAAAABAAIRAyEEEjEFIkFRYQYycYGRoRNCscHwUmLRBxThcoKS8SNTFTND/8QAGQEAAwEBAQAAAAAAAAAAAAAAAQIDAAQF/8QAJxEAAwEAAwEAAQQBBQEAAAAAAAECEQMSITFBEyIyUWEUQnGRsQT/2gAMAwEAAhEDEQA/APUWUAOCKShteTYeqexkdVmYckkkgY4WpPmLJEpArGOMb6pySRCxhlR0BR2Yi6kVGyFXBuU3WbwKWkqtJCgPJU34wKY9ghLU9l9Gl4VLmmUhRJUlwBJUulRCguFOh3WIDQYGqZlBFl19IQofxcq6lkol6wdekbqrdSzPaToFaV8TmFlWZ4K575V2xFJnwscgAQ2Pg2Qg8lGZTRTqnoGkkEc6VBxkjipLq0KDiKklbk5FmP6aZZLwvBSC8gGFW0q0aIwxBW4+ZJYzVD3Sk2vWe50Gwmy5Sc5wy87KRtASQn4Fm83xUrt9836Ov4ml2VSholRcfSEmVOw1XK2FV4+vmMLr5Hi9IJekR9JJrCOKO1vNJ7xBXP191lN/BGxDzEKBlRKte6Z8YLnu1THU54Qa0zCtNnhob1VZiKomUIYgmwMLcXJ0rWg1PZYWFXFgE6JKsLSkun/UV/RL9L/J6dhmwEVca2F1dAgkkkkDDapsYSY2AAk8WQfj2EImJCSax4SdVaNTCBhygY8wivxzB1VdisSHFR5OSUs30pEvdGB8FG+NIiVCFRda+6lN18KOUSWi6ntcYVexwUptYBdEtEqTE6oQU17MwuuGoCbIznhoJMQOM6J59A/CLVw8BUGMxbWOgm44C65tXtQ1pIYMw0J+uVZrbO0mgSSWl14j7pa4pb0KppGjZt+k3UO9ApmE29QeQM4af3W99F5c/Fgzf3+4080WjiiLO0Pr4qkwhXR7I/DAtzAgg3BFwfAqpx1MC6wmy+0dTDOgHMw6tMlruo4g/l9Fs6O0WYlrXsMg6ji08ip80KpwM00ztFFceSsKODBGii4vDFgJhQfDSkbt6V9V90MVoKjPry4hdbcrlcvSiZbNxziIQhUQ6DNFMdh7Kq717/QPEBdioFlCfVKknDojcMEKdV9RliKt70Go9WVXCJ9DBs4gSjx8emqsM+++qLSarfH4Vg4KrxFPLeNU1Q0/RVWk74LUlAzv6rip3X9Az/J6ikoteveAuFxtddOEyWuA3SYbXSc6LoGG1u6fBAo6DkhYnGCIHFQ3YiylXKk8HUPCzzgCyrsW6SgOrldY6dVOuXt4UU56AfKYGkqzFMQgOp3sl/Sz0PbSA+mQm0HXU2toq8DeU6rGMlqLMgFC+EesJUiVLZVA1VlKr1iNtA2buqpO0G0CQabSYAl/Xk1XeLxDWtJ6LBbaxLg3K29Sq8Mb4uNz4ASrzi+E/v0iYLZ78Q85JIBgu+UdAta3YzQ0NdvRzg/VW+x9mMw9FjGi4Ek8zxTaqFU2PKSMrtPsrTfdoyngW2IWQ2rsaph7u3mfqGrepC9ScFGxVAPaWkAgiCCjNNfDOUzygukQfIqXsHa7qFQO1Ew5vMfz91zbezTQeWjuOu0/pj5fL6Kqe6b+RVk1S0g05eM+gdkYxj2Nc0ghwBHmltHKRZeadhttOE0XO5lviNR5i/qtw6vI1SOkn6HGZrFUcr3Qh0a0OhT8WzMSVWUKBzkrkqprUiyTRe4Z+itqdxCpmGIVhQrrcVJPGal4PrNCZTk8FyrUupFN4hVXVsR6kR6wtdV9WoRpZTsVXaq17wVG3j8YV89I9Wq51kLEusLypRp8VCrtJMLLs1rB4NbWXE7+2cOSSpjF01bMXdSm4qYVY1SGMlVVMLk0NB4ITcS8REqrpvcOK7UqEqd8qlDTGkaobobiunVPyrgVM6cSONRhCjOKEaplUXMsE6kx9aEIYkKPUriFEdUnRLXPX4GUIm1KspUQMwlQmgooSTT3sxqSzEXroyqqrVBNkJ9YxqoheSVa+XtmElOD8ZV3TJ/AsxsJ/wDcbQYT3KLHH/cengQFP7RYoMpu9Pu72UL+l1jia7vlGWfKXFdcLJJt/uw2m0dvtpmCx0c/zRVWG7SMqPy5XNJsJ0VTtPtaDJYwvYHZS8brATJgEglxgcgF3ZONNVzTkImHQ5sGJjUW+h6Itv8AodJf2aSvimsaXHQCVnMT2qcXZadEv6yY9lo9sUAGkDlZZDFmpTDsjC4tE6EAzHdi7zeYHI3RTZmlh3H0q2JpkPYxp1AJggrCOBa4tIgiRHIjULT/APzOKkF1OQSRlbnDwNZLXF0a+yz+3mkVXOIIzQ6/v9E0tpkrSa07s7EFjw5pu0yP9tx7SvVcNig+mx40c0FeP0Hw4Hr9L/SQt/2SxWak+mTdjpb/AKT+e6XmnZ1All856NhaYhQHvsjUKpXFP7a1ln6iVXp3TA6EmVENz0KevUFBRUuil9lEK58WEV6bAeIkmxT6NNdpumUdrbqycysJUm2SGtAboFVvYMxUys9RSJNlqp1iQFOesNAXF34R5+ySr7/QMRKlWWGcIVaBdTKTlL9RSi3XsSnOXELMiZrKHJyqhpnCPVdBXBVshYhyGwyoJeDtnalW6YTK66mnOZCT4EivYU6myNURpTXIozJDQIQKtWEF+IhRHkuKZvTJEx9SV1jYuh0KaHtGrkYY1Nv5T8a2kgNmJ7XY7O4tBs0Hzc439AfdbD+lWFH9q5/63unyMfZeZ7bqHO4dTPj+Er03+l2IDcF4PePUg/dek/JWnP8AaeF3j9nh7pEA8wBKLs3Z7QYmSBMfyq/ae1Q2YKHgcVVYx7mBud8HeJEATaRfip9lpbo8LTH7xKrG0mvlvEcOKq9q7SqSWsjMQNSYBOsmOC4wvDQ53eA4cuSPffhumFmzZrG8Ssl262eMgqNF2uAPg631haOjtEOGqpu1WIBw1XwHrIhFUvwapePTzxh/PArS9m8RkqtvZ7cp+n2CzFM3/PzgrfZ9TKWOHykf4VWtnDln6b2qCpNE2UX4wMdVNpNsvP5Gy0/RoKIFwprnqSZXAgCcynKYyoisciqxgaHmnCA+tHFPqVLKqqySVXdJPwl1Xl2imYfDuAkqpZWym91dsqktkAnyXRxKUtEpsY535K4o76oBNnJKnYXC0LERqZiHQm0nyvNpto60SMyFUrLtRyExkqXrHGPehMqwpFdijspIy/7FaDh8pj6nBGaAAo9QXQ3WHPAcFOIKfSCM4BBjFbUpElEYyEcoZCy8AEaqza74Hk6B5XP28wrAch5n84qn2nWBD3DRu4OUi59wB5Lq4VnojR51tgAPdx3nT5GCtn/TPHAsrUNC0h4v3g6QTHSGj0WGxzpJP5qlsbab8NWZVZfKYc39TD3m/nEBd9T2jDmmut6epYzZznPsb5rTcaEiR4wpOHOKyuzsYzKYBBzBwizhuz5Qj7MxjMQGVWOlrvUHi0jgQrjE4fMyOChHh1OvVvwyOIGJknNTA1mfYDIoNfFYruMyPJPGwAnUmJ/7V5X2R+8xykrjMIKYsAqhqk15/wCFZ/YFrZeRnNzFh5LO9q6+SiG/rcBHQbx+g9VqMfWiSTYLzXb20fjVJHdbut68z529EkTtaJyVk4RGG48VY0H7k8vwKrYe74qwwrrPH5w/hXOQ2OzsRmyf6QtTR7qxnZ67W9LLYUjZcPN9OmBPCG6lKIU9pUEh2RssIzHrrwhEI4AfUNlGTs6bUZZURF/QeUStNhXtyC40WUZMqeyuYhWisQGh1bEDMfFJRHNSW7MGFq6qXcESmYTmtAXHtU3CfworGVqyPh32UZtNGDShXFixBXJr9HVHSUtEMNKMwKK4W36O7SXgIly4AeSlwF0AKv6CE/UbIgaUUMKNZKFnwJmXIwPw019Anp9VLbASc8LLhSD+oVGIcWNJ8m+J0Wd2qMrC0TDGyer3aT11J6rQYuoHPLj3Kcnxfp94VD2kGSi4HvEZnf6iRP1jyVYlJ4hu3np59iTY+J9LIFJgL2g2EiTyE3Raug/OKLQYAx7jqYa0ceZP5zXX+Dkf0suzO0H0sTuOIa+Zb8pjSRz6r1PDbaDmQd09dPIryLYjZrs6C69EpN3VDl8fh0cXs+k2rtVt5Kp8dtsTa6iYyjdRf7dTVNlnKRWbdxz3sdNm6Rz8VlCtPt9mVnUkBZssK6eNeHJyv9wm6KXhn2PUH6KHKkYd2g9fNMxEbHsc4HM3iIPrP8LcMp2C887E1YxOTg5jh5gz/K9PYyyjUpsomQ/hFcNPorHKFwsCm5X9D9mVZaQmPdZWj6YUY4dBymjekBrJTaisvgwh1KM8Eik2FS3VGLTyUxtGF14VZSFcsrDPJJTIST/tB1ZOaUQFATgo6U6h2wnSEEBdhbWbogmcLoeEGF0U0NYylBHPXM6YaaaaaDqhlEhDVS+MguprgpIdqN1kP8ZDxGIytJ4gW8eC4KSbi6FgDxcAfqR6J57UBqUVtSq1mRp0nO79zp3R/wAjPkqHtbiMzD1j6lX+JwTHEvcXEtMtANt3SRxvf0WW7R3aRyDPqqzLlrRW008MlV4JEQ0u8gu1hYIdd1mjhcroRzM0XZPC5g5/WPRbqhTloWU7DGWPadA70kBbahRsoWvTo43+0ra2EkoFTDgWV4aKjDDSSSkUlHRidtYQvqMZFruPlH8qq2ls7K6I71rcYP8AC3lTCtNW9t0embkqjbWEqS1zMpcAS0coE+Zt7q8/ghaXrMJjKGR7xqATB58j5i6NTwbgwPym9/LmpGI2fUzgPEn9txDZH2WuGFGQRAsNRIjz8Ig3tf5VZTpDcMrsLEZMTSP748nL1JmPEarFs7OAvY9jspa4OINw4C+7yMA+XgY17MGCLXXNzKpxl+PGSW4xdGLQWYNI4Vc/dleqDnFLn90FHNBNOHK3c3VEn+5C4cQOajnDlN+AUe5uoc1gmOqhAdTKYaZWVAchs4XEHKkj2B1JjapRRUTGgIzgOCJlpxtW6KKiGxkoopwlGGmonZ10NTnNEI4YH8RIVE0NTwxDA6IuSzpOTMqGB0NTfEuPyiVH2lWytY3jY9ZOptPPki1GxTeb3tbXy9VW7afNRrZ0LbG4meR9F2cEpSc3LW0ExQLczAQLCZGsmJPEf4Wc25s55aSGmMonibG+mvitNWYTUPj9CTI/wfJW9OmIaCAYunqUwTTR4fiKLjYMJiZgEwJEeV1Cdw6L1DtIGiTlHOcvDecTdjuQ0Xl9Nsknnf1R64ibem5/p02fjDkWkec/wt4xsBYL+ntn1hzaw+7lvwFGvpePhwtlNLLIhVdtja9PDMzvNz3WDvPPID78EEMyNtvE08Ow1XmPlAHee7g1v5ZZbYuKqVn1cS/uthrG72VsFrzBA6NBNtTyhZ7bO034l5e89GMHdY3kPueK1exMOGYelMSRnkxALnSCTYSA5ts7SQ42V5nCNV2HVsOMwi8bsyHTlnLcftDXHnMcVNIgSTHN08ImXHQ2+Y2IEzLSEgy95nUTAcYERJIce6BIDt5oMlBxLnOzEOyhsiQAHfKQ64OQbzXZTEQ68EKuiYOfVayxJk6Ng5nEEaNbJkGLjkTMgzIw+Od3rtA1mJiRvENlrbGSHERDtFX0abRIDYBGYjeLi3eN5zF0AvFw8SwQ5Fe62bWCdL65pAdLv3xDmnebbgs/QGjw2PDrGAfbqpRIWTo1rWuBA1BvlafI3Vhg8Y7QyROUfn5oVzcv/wAsv90/9Fo5mvGXKRhCa5KVw9Tp0I4hDJQ6j0IPWwI+EnQuF6GSskZsdASUf4h5JLYDSwptGia9sHVRy85kU3VH8FkKHwnfGlBeLIYdCyGwmBy7nlBYZCI0JsFbCMCcSh/EEJAygAdIKSY1i4VjB8T3GtmJI9z1VBiW58Q0Di+Y0MAyY593gr3FPgg38ug6EfdUux6ees936ReObyG3EdDq3zXbCxHLT9LqnRh7jzLj7x+cVMe7K09AgMAkReSST9P+1zHvAZHMgepvHlPPwN0TGD7ZV4Y8cSS3reGcWg8Dr6rE0Qr/ALX1icjYid7Qj9x1aOLxwCoaQui/opr+w9eMQGn52Ob/ALgQ4ewcvSMll5NsOpkq0n8ntH/I5T7OK2u2u2NKgSxjTUeNQLMaeTncfAeyjUtvwtFJL0ldoNtMwrJdvPcDkYNXdTyb1XmO0cY+u81KjpcdP0tb+lo4BExmLNZ76lRxLzcngANABwA0AVc9/IfnVPMqRKrRrhmOUcbSeZ+y9KDcha0cGhrdZIaCA0XBOj22c7Ubq882XTzV6LYJmozSSYzAnS+kr0XECHPHHR0eUEtyzE5DLmOGt08/QA3WkDhY8pkAOcA21/hu3mfM691FeQQJENPdPIERDL8GvPceP/r7qK+CG8AbN4QI+UzEhpPceD/49EEuu4m51eBM/NmDrT/7e+0jS6cxwGxJ4GSCLB2pBBEA5mO7wad/vXlDxJDYk8rkiS0Q5133gtazUuab3CK2d2O98p8HDulpmC5je44jf7qFVcMzQ3TvCw11BIETuw27QecrCiL4F5Bgi9jDRlnek5bC4Lm3uEbDwHN0PExB11uGO+qitYLCTAINrXFw48nSJkXRgbiSddSSYvbVAJrHIbnojLgFNcRK8xo7dGhsprwnPqILSSgkFsTjZNzIpAKDUdlRwyZyySj/ABElsD4SMMc54qS9sHVQadUA2KO55d16lH8E28Y97rohaFGHVHYbLIGhrQnBwQGMvqpIhHBmcyApzbIbnDhdEpiVsAngJ9Zdw13N8UqtETMouCZvTyB/haU3SGprq2M2g6Gv/wBJ9yG/dRtg0dwvIu5/syAffMnY98tfys3nzmLzrGhPgp2zqWWmwRcNBPEZnbx3hbUnWF3fg4x9HeI6E+mn57iVX7cr2IHHMLxfdyjXXeeODtNAVashogf59df+jqsxtWuZJ4CCToLZn3OZrT3GC7neARn6Y8/7TPmvERA5RqT+xvADgq5hRdqPzVn9CG2jg0A6W1lCag/opbYJ0x4j2ufZqi49+8fwlLDTBgx15fL9z6IePOZ5Mz9hyWMRy8lIuhNhMKxi37KNL8ZQH7nO9GPI4HjHArb4mJI0EwO7GhkCDlBALxuljv8AxjWFk+w9Mf3Mn5ab3cP2tMSRfePGVqcW/ecTcjvayYJsZGbKS2p3g9u/qmkP4BVSd7NrBz6zxJDiWyBIqDfaRvDeTbjKIk/Lpc3uwTeS35Hf/p3Uhq0C5F269BLADMS1h3HRvndTQRBizTF7RO6BnkZSY+F32tNjdMA4BIde3dmQRyBdIiY+GYeAbG6iOeHPcbjLu3mG6OIzScpBLBc+BhSXvgF1xlBkXBa0gm57zRlzj527oVfhHWLuPePAgkkm7QHMkktuC3dWZicGWNjEx03Y04auI9FxrgHatm3zNBsLmJQBBEjLwmPhzdrSbtY5FZPAO8s4F/JgKwxrWP3Gx+kfRDDb3XMM6WMP7R7eZ+pRWXXm2v3M60/EOEKLWqXhqlPpyomSDKUfwLSpEaoONYeEKQypZRMRXvCxgduaSCksbENwZ4EXKt8IADe4SSRkRhcWwTbVRCYMJJJgo63ExZSW7wlJJKZnG0r6oufKupIoVJHAzNdSqTIakkqcf8gcn8SrLc7XiZzVA0zxBgcbGJ4hXGcEmNRA63MC5bPHmUkl1HMRsZXytceAaST00HA24aHTTQrL7VdlJLt28STeMzWagOdox3zDVJJGQM84q1Mz3umZe48eLieK60pJIADNeYIHT2n+VwrqSxgTgmhJJYxqewpDX13zEMDRciZdmIsDqG8RCu64yudwyXI0ykGA7dNpNMXYR3jLUkk8h/AMNJho4jMNLtgbxFmujNSN8rt0pgdbNNiYBkiLTlzd4br3CDnbuhJJEBE2o/JTcIuDdttS6CYFhdpu0iZMi6jMsQJ7pFxYmHAOPSTKSSDMSWlxHefaPndpcaE/tXMjTaLyRJ14cUkkUY1Wzb0meBHuVKYICSS87k/k/wDk7Z/ihjqkAqvc4+XiupJV8D/uHtqEhRXUplx8lxJFApgvhH8K6kktrDh//9k=');
INSERT INTO virtual_teacher.users (user_id, first_name, last_name, email, password, role_id, profile_picture_url) VALUES (4, 'Stanislav', 'Hristov', 'stanislav.hristov@example.com', 'Stanislav.hristov@123', 2, 'https://encrypted-tbn0.gstatic.com/images?q=tbn:ANd9GcTHxzM_e4qVtnPZttfPhbjcPssC78WndotRPg&usqp=CAU');
INSERT INTO virtual_teacher.users (user_id, first_name, last_name, email, password, role_id, profile_picture_url) VALUES (5, 'Maria', 'Petrova', 'maria.petrova@example.com', 'Maria.petrova@123', 2, 'https://encrypted-tbn0.gstatic.com/images?q=tbn:ANd9GcQ9yZyF373WSegLRC8Oo6ugxmprvSOEgF07Og&usqp=CAU');
INSERT INTO virtual_teacher.users (user_id, first_name, last_name, email, password, role_id, profile_picture_url) VALUES (6, 'Polina', 'Uzunova', 'polina.uzunova@example.com', 'Polina.uzunova@123', 2, 'https://encrypted-tbn0.gstatic.com/images?q=tbn:ANd9GcRYxsG3Ac8-CCLG3PzEvZXAfVoQxmjHleJqjg&usqp=CAU');


INSERT INTO virtual_teacher.topics (topic_id, name) VALUES (1, 'History');
INSERT INTO virtual_teacher.topics (topic_id, name) VALUES (2, 'Science');
INSERT INTO virtual_teacher.topics (topic_id, name) VALUES (3, 'Literature');

INSERT INTO virtual_teacher.roles (role_id, name) VALUES (1, 'student');
INSERT INTO virtual_teacher.roles (role_id, name) VALUES (2, 'teacher');
INSERT INTO virtual_teacher.roles (role_id, name) VALUES (3, 'admin');

INSERT INTO virtual_teacher.lectures (lecture_id, title, description, video_url, assignment_url, teacher_id, course_id) VALUES (1, 'The birth of world literature', 'Professor Martin Puchner explores how the concept of World Literature came into being, describing the conversations of Johann Wolfgang von Goethe and Peter Eckermann.', 'https://www.youtube.com/watch?v=eOxP0ZZMrmk', 'The birth of world literature', 4, 6);
INSERT INTO virtual_teacher.lectures (lecture_id, title, description, video_url, assignment_url, teacher_id, course_id) VALUES (2, ' Crash Course Astronomy', 'Welcome to the first episode of Crash Course Astronomy. Your host for this intergalactic adventure is the Bad Astronomer himself, Phil Plait. We begin with answering a question: "What is astronomy?" ', 'https://www.youtube.com/watch?v=0rHUDWjR5gg&list=PL8dPuuaLjXtPAJr1ysd5yGIyiSFuh0mIL', 'https://esroxs.com/wp-content/uploads/2020/03/Crash-Course-Astronomy-On-Line-Content.pdf', 5, 4);
INSERT INTO virtual_teacher.lectures (lecture_id, title, description, video_url, assignment_url, teacher_id, course_id) VALUES (3, 'How the First Global Conflict Was Fought and Won', 'In his new book The Second World Wars, Victor Davis Hanson offers a stunning reinterpretation of history\'s deadliest conflict. One of the nation’s leading historians and commentators, Hanson draws on 3,000 years of military history to place this interconnected global war in context. Please join us for a spirited discussion of this seminal history.', 'https://www.youtube.com/watch?v=SkJRC3pcQ0Y', 'https://www.britannica.com/list/8-questions-about-world-war-i-answered', 6, 2);
INSERT INTO virtual_teacher.lectures (lecture_id, title, description, video_url, assignment_url, teacher_id, course_id) VALUES (4, 'How did life begin on Earth?', 'The story starts around 3.5 billion years ago... ', 'https://www.youtube.com/watch?v=G0GyMvq_Fjg', 'https://blog.burbankids.com/biology-trivia-questions/', 4, 5);
INSERT INTO virtual_teacher.lectures (lecture_id, title, description, video_url, assignment_url, teacher_id, course_id) VALUES (5, 'The Rise And Fall Of Ancient Rome ', 'Join Mary Beard as she charts the rise and eventual decline of Ancient Rome. Along the way discover how this enormous empire managed to function, what it meant to be a Roman citizen and who or what was responsible for the eventual fall of Rome.
', 'https://www.youtube.com/watch?v=Wb_aruwUan8', 'https://quizizz.com/admin/quiz/5c65816a6850410020576bc4/the-rise-and-fall-of-the-roman-empire', 4, 1);
INSERT INTO virtual_teacher.lectures (lecture_id, title, description, video_url, assignment_url, teacher_id, course_id) VALUES (6, 'Literary Genres and Subgenres', 'This video and worksheet teaches literary genres of fiction, nonfiction, drama, and poetry, as well as subgenres of each. Learners see an example of each genre and subgenre and practice identifying the genre and subgenre of several descriptions, then check their responses. This video was created by a US public school teacher for use with ESOL students learning mainstream English curriculum', 'https://www.youtube.com/watch?v=oarGRayak5o', 'https://study.com/academy/practice/quiz-worksheet-literary-genres.html', 5, 8);
INSERT INTO virtual_teacher.lectures (lecture_id, title, description, video_url, assignment_url, teacher_id, course_id) VALUES (7, 'The Four Types of Social Movement', 'Sociologist Nick Lee discusses the four types of social movement: Alterative, Redemptive, Reformative, and Transformative according to David Aberle.', 'https://www.youtube.com/watch?v=U-uYfZkq5SA', 'https://socialsci.libretexts.org/Bookshelves/Sociology/Introduction_to_Sociology/Sociology_(Boundless)/21%3A_Social_Change/21.03%3A_Social_Movements/21.3B%3A_Types_of_Social_Movements', 6, 3);

INSERT INTO virtual_teacher.enrolled_courses (user_id, course_id) VALUES (1, 4);
INSERT INTO virtual_teacher.enrolled_courses (user_id, course_id) VALUES (2, 5);
INSERT INTO virtual_teacher.enrolled_courses (user_id, course_id) VALUES (3, 6);
INSERT INTO virtual_teacher.enrolled_courses (user_id, course_id) VALUES (1, 1);
INSERT INTO virtual_teacher.enrolled_courses (user_id, course_id) VALUES (2, 2);
INSERT INTO virtual_teacher.enrolled_courses (user_id, course_id) VALUES (3, 3);
INSERT INTO virtual_teacher.enrolled_courses (user_id, course_id) VALUES (1, 2);

INSERT INTO virtual_teacher.course_lectures (course_id, lecture_id) VALUES (1, 5);
INSERT INTO virtual_teacher.course_lectures (course_id, lecture_id) VALUES (2, 3);
INSERT INTO virtual_teacher.course_lectures (course_id, lecture_id) VALUES (3, 7);
INSERT INTO virtual_teacher.course_lectures (course_id, lecture_id) VALUES (4, 2);
INSERT INTO virtual_teacher.course_lectures (course_id, lecture_id) VALUES (5, 4);
INSERT INTO virtual_teacher.course_lectures (course_id, lecture_id) VALUES (6, 1);

INSERT INTO virtual_teacher.rates (rate_id, course_id, rate_value, rate_count) VALUES (1, 1, 5, 9);
INSERT INTO virtual_teacher.rates (rate_id, course_id, rate_value, rate_count) VALUES (2, 2, 6, 8);
INSERT INTO virtual_teacher.rates (rate_id, course_id, rate_value, rate_count) VALUES (3, 3, 7, 7);
INSERT INTO virtual_teacher.rates (rate_id, course_id, rate_value, rate_count) VALUES (4, 4, 8, 6);

INSERT INTO virtual_teacher.users_lectures (user_id, lecture_id, isAttend, assigment_url_submission, notes) VALUES (1, 4, 1, 'https://esroxs.com/wp-content/uploads/2020/03/Crash-Course-Astronomy-On-Line-Content.pdf', 'good');
INSERT INTO virtual_teacher.users_lectures (user_id, lecture_id, isAttend, assigment_url_submission, notes) VALUES (2, 5, 1, 'https://www.britannica.com/list/8-questions-about-world-war-i-answered', 'good');
INSERT INTO virtual_teacher.users_lectures (user_id, lecture_id, isAttend, assigment_url_submission, notes) VALUES (3, 6, 0, 'https://blog.burbankids.com/biology-trivia-questions/', 'excellent');
INSERT INTO virtual_teacher.users_lectures (user_id, lecture_id, isAttend, assigment_url_submission, notes) VALUES (1, 4, 0, 'https://quizizz.com/admin/quiz/5c65816a6850410020576bc4/the-rise-and-fall-of-the-roman-empire', 'excellent');
INSERT INTO virtual_teacher.users_lectures (user_id, lecture_id, isAttend, assigment_url_submission, notes) VALUES (2, 5, 1, 'https://study.com/academy/practice/quiz-worksheet-literary-genres.html', 'poor');
