INSERT INTO virtual_teacher.topics (topic_id, name) VALUES (1, 'Web Design');
INSERT INTO virtual_teacher.topics (topic_id, name) VALUES (2, 'Graphic Design');
INSERT INTO virtual_teacher.topics (topic_id, name) VALUES (3, 'Personal Development');
INSERT INTO virtual_teacher.topics (topic_id, name) VALUES (4, 'IT and Software');

INSERT INTO virtual_teacher.roles (role_id, name) VALUES (1, 'Student');
INSERT INTO virtual_teacher.roles (role_id, name) VALUES (2, 'Teacher');
INSERT INTO virtual_teacher.roles (role_id, name) VALUES (3, 'Admin');

INSERT INTO virtual_teacher.grades (grade_id, grade_name) VALUES (1, 'Not Graded');
INSERT INTO virtual_teacher.grades (grade_id, grade_name) VALUES (2, 'Unsatisfactory');
INSERT INTO virtual_teacher.grades (grade_id, grade_name) VALUES (3, 'Satisfactory');
INSERT INTO virtual_teacher.grades (grade_id, grade_name) VALUES (4, 'Good');
INSERT INTO virtual_teacher.grades (grade_id, grade_name) VALUES (5, 'Very Good');
INSERT INTO virtual_teacher.grades (grade_id, grade_name) VALUES (6, 'Excellent');


INSERT INTO virtual_teacher.users (user_id, first_name, last_name, email, password, role_id, profile_picture_url, is_activated) VALUES (1, 'Ivan', 'Ivanov', 'ivan.ivanov@example.com', 'Ivan.ivanov@123', 1, 'https://images.pexels.com/photos/771742/pexels-photo-771742.jpeg?auto=compress&cs=tinysrgb&dpr=1&w=500', 1);
INSERT INTO virtual_teacher.users (user_id, first_name, last_name, email, password, role_id, profile_picture_url, is_activated) VALUES (2, 'Petar', 'Stoqnov', 'petar.stoqnov@example.com', 'Petar.stoqnov@123', 1, 'https://encrypted-tbn0.gstatic.com/images?q=tbn:ANd9GcQmXy63Plt-UY_UKrIgj5Ogv9C1tglLP43YJF5_mWbVSA&s', 1);
INSERT INTO virtual_teacher.users (user_id, first_name, last_name, email, password, role_id, profile_picture_url, is_activated) VALUES (3, 'Rosica', 'Dimitrova', 'rosica.dimitrova@example.com', 'Rosica.dimitrova@123', 1, 'data:image/jpeg;base64,/9j/4AAQSkZJRgABAQAAAQABAAD/2wCEAAoHCBYVFRUVFhUYGBgYGBgVGBgYGBgYGBkYGBgZGRgYGBgcIS4lHB4rHxgYJjgmKy8xNTU1GiQ7QDs0Py40NTEBDAwMEA8QHhISHjQrJCs0MTQ0MTQ0NDQxNDQ0NDQ0NDQ0NDQ0NDQ0NDQ0NDQ0NDQ0NDQ0NDQ0NDQ0NDQ0NDQ0NP/AABEIALcBEwMBIgACEQEDEQH/xAAcAAABBQEBAQAAAAAAAAAAAAADAAIEBQYBBwj/xAA7EAABAwIDBQYFAwMEAgMAAAABAAIRAyEEEjEFIkFRYQYycYGRoRNCscHwUmLRBxThcoKS8SNTFTND/8QAGQEAAwEBAQAAAAAAAAAAAAAAAQIDAAQF/8QAJxEAAwEAAwEAAQQBBQEAAAAAAAECEQMSITFBEyIyUWEUQnGRsQT/2gAMAwEAAhEDEQA/APUWUAOCKShteTYeqexkdVmYckkkgY4WpPmLJEpArGOMb6pySRCxhlR0BR2Yi6kVGyFXBuU3WbwKWkqtJCgPJU34wKY9ghLU9l9Gl4VLmmUhRJUlwBJUulRCguFOh3WIDQYGqZlBFl19IQofxcq6lkol6wdekbqrdSzPaToFaV8TmFlWZ4K575V2xFJnwscgAQ2Pg2Qg8lGZTRTqnoGkkEc6VBxkjipLq0KDiKklbk5FmP6aZZLwvBSC8gGFW0q0aIwxBW4+ZJYzVD3Sk2vWe50Gwmy5Sc5wy87KRtASQn4Fm83xUrt9836Ov4ml2VSholRcfSEmVOw1XK2FV4+vmMLr5Hi9IJekR9JJrCOKO1vNJ7xBXP191lN/BGxDzEKBlRKte6Z8YLnu1THU54Qa0zCtNnhob1VZiKomUIYgmwMLcXJ0rWg1PZYWFXFgE6JKsLSkun/UV/RL9L/J6dhmwEVca2F1dAgkkkkDDapsYSY2AAk8WQfj2EImJCSax4SdVaNTCBhygY8wivxzB1VdisSHFR5OSUs30pEvdGB8FG+NIiVCFRda+6lN18KOUSWi6ntcYVexwUptYBdEtEqTE6oQU17MwuuGoCbIznhoJMQOM6J59A/CLVw8BUGMxbWOgm44C65tXtQ1pIYMw0J+uVZrbO0mgSSWl14j7pa4pb0KppGjZt+k3UO9ApmE29QeQM4af3W99F5c/Fgzf3+4080WjiiLO0Pr4qkwhXR7I/DAtzAgg3BFwfAqpx1MC6wmy+0dTDOgHMw6tMlruo4g/l9Fs6O0WYlrXsMg6ji08ip80KpwM00ztFFceSsKODBGii4vDFgJhQfDSkbt6V9V90MVoKjPry4hdbcrlcvSiZbNxziIQhUQ6DNFMdh7Kq717/QPEBdioFlCfVKknDojcMEKdV9RliKt70Go9WVXCJ9DBs4gSjx8emqsM+++qLSarfH4Vg4KrxFPLeNU1Q0/RVWk74LUlAzv6rip3X9Az/J6ikoteveAuFxtddOEyWuA3SYbXSc6LoGG1u6fBAo6DkhYnGCIHFQ3YiylXKk8HUPCzzgCyrsW6SgOrldY6dVOuXt4UU56AfKYGkqzFMQgOp3sl/Sz0PbSA+mQm0HXU2toq8DeU6rGMlqLMgFC+EesJUiVLZVA1VlKr1iNtA2buqpO0G0CQabSYAl/Xk1XeLxDWtJ6LBbaxLg3K29Sq8Mb4uNz4ASrzi+E/v0iYLZ78Q85JIBgu+UdAta3YzQ0NdvRzg/VW+x9mMw9FjGi4Ek8zxTaqFU2PKSMrtPsrTfdoyngW2IWQ2rsaph7u3mfqGrepC9ScFGxVAPaWkAgiCCjNNfDOUzygukQfIqXsHa7qFQO1Ew5vMfz91zbezTQeWjuOu0/pj5fL6Kqe6b+RVk1S0g05eM+gdkYxj2Nc0ghwBHmltHKRZeadhttOE0XO5lviNR5i/qtw6vI1SOkn6HGZrFUcr3Qh0a0OhT8WzMSVWUKBzkrkqprUiyTRe4Z+itqdxCpmGIVhQrrcVJPGal4PrNCZTk8FyrUupFN4hVXVsR6kR6wtdV9WoRpZTsVXaq17wVG3j8YV89I9Wq51kLEusLypRp8VCrtJMLLs1rB4NbWXE7+2cOSSpjF01bMXdSm4qYVY1SGMlVVMLk0NB4ITcS8REqrpvcOK7UqEqd8qlDTGkaobobiunVPyrgVM6cSONRhCjOKEaplUXMsE6kx9aEIYkKPUriFEdUnRLXPX4GUIm1KspUQMwlQmgooSTT3sxqSzEXroyqqrVBNkJ9YxqoheSVa+XtmElOD8ZV3TJ/AsxsJ/wDcbQYT3KLHH/cengQFP7RYoMpu9Pu72UL+l1jia7vlGWfKXFdcLJJt/uw2m0dvtpmCx0c/zRVWG7SMqPy5XNJsJ0VTtPtaDJYwvYHZS8brATJgEglxgcgF3ZONNVzTkImHQ5sGJjUW+h6Itv8AodJf2aSvimsaXHQCVnMT2qcXZadEv6yY9lo9sUAGkDlZZDFmpTDsjC4tE6EAzHdi7zeYHI3RTZmlh3H0q2JpkPYxp1AJggrCOBa4tIgiRHIjULT/APzOKkF1OQSRlbnDwNZLXF0a+yz+3mkVXOIIzQ6/v9E0tpkrSa07s7EFjw5pu0yP9tx7SvVcNig+mx40c0FeP0Hw4Hr9L/SQt/2SxWak+mTdjpb/AKT+e6XmnZ1All856NhaYhQHvsjUKpXFP7a1ln6iVXp3TA6EmVENz0KevUFBRUuil9lEK58WEV6bAeIkmxT6NNdpumUdrbqycysJUm2SGtAboFVvYMxUys9RSJNlqp1iQFOesNAXF34R5+ySr7/QMRKlWWGcIVaBdTKTlL9RSi3XsSnOXELMiZrKHJyqhpnCPVdBXBVshYhyGwyoJeDtnalW6YTK66mnOZCT4EivYU6myNURpTXIozJDQIQKtWEF+IhRHkuKZvTJEx9SV1jYuh0KaHtGrkYY1Nv5T8a2kgNmJ7XY7O4tBs0Hzc439AfdbD+lWFH9q5/63unyMfZeZ7bqHO4dTPj+Er03+l2IDcF4PePUg/dek/JWnP8AaeF3j9nh7pEA8wBKLs3Z7QYmSBMfyq/ae1Q2YKHgcVVYx7mBud8HeJEATaRfip9lpbo8LTH7xKrG0mvlvEcOKq9q7SqSWsjMQNSYBOsmOC4wvDQ53eA4cuSPffhumFmzZrG8Ssl262eMgqNF2uAPg631haOjtEOGqpu1WIBw1XwHrIhFUvwapePTzxh/PArS9m8RkqtvZ7cp+n2CzFM3/PzgrfZ9TKWOHykf4VWtnDln6b2qCpNE2UX4wMdVNpNsvP5Gy0/RoKIFwprnqSZXAgCcynKYyoisciqxgaHmnCA+tHFPqVLKqqySVXdJPwl1Xl2imYfDuAkqpZWym91dsqktkAnyXRxKUtEpsY535K4o76oBNnJKnYXC0LERqZiHQm0nyvNpto60SMyFUrLtRyExkqXrHGPehMqwpFdijspIy/7FaDh8pj6nBGaAAo9QXQ3WHPAcFOIKfSCM4BBjFbUpElEYyEcoZCy8AEaqza74Hk6B5XP28wrAch5n84qn2nWBD3DRu4OUi59wB5Lq4VnojR51tgAPdx3nT5GCtn/TPHAsrUNC0h4v3g6QTHSGj0WGxzpJP5qlsbab8NWZVZfKYc39TD3m/nEBd9T2jDmmut6epYzZznPsb5rTcaEiR4wpOHOKyuzsYzKYBBzBwizhuz5Qj7MxjMQGVWOlrvUHi0jgQrjE4fMyOChHh1OvVvwyOIGJknNTA1mfYDIoNfFYruMyPJPGwAnUmJ/7V5X2R+8xykrjMIKYsAqhqk15/wCFZ/YFrZeRnNzFh5LO9q6+SiG/rcBHQbx+g9VqMfWiSTYLzXb20fjVJHdbut68z529EkTtaJyVk4RGG48VY0H7k8vwKrYe74qwwrrPH5w/hXOQ2OzsRmyf6QtTR7qxnZ67W9LLYUjZcPN9OmBPCG6lKIU9pUEh2RssIzHrrwhEI4AfUNlGTs6bUZZURF/QeUStNhXtyC40WUZMqeyuYhWisQGh1bEDMfFJRHNSW7MGFq6qXcESmYTmtAXHtU3CfworGVqyPh32UZtNGDShXFixBXJr9HVHSUtEMNKMwKK4W36O7SXgIly4AeSlwF0AKv6CE/UbIgaUUMKNZKFnwJmXIwPw019Anp9VLbASc8LLhSD+oVGIcWNJ8m+J0Wd2qMrC0TDGyer3aT11J6rQYuoHPLj3Kcnxfp94VD2kGSi4HvEZnf6iRP1jyVYlJ4hu3np59iTY+J9LIFJgL2g2EiTyE3Raug/OKLQYAx7jqYa0ceZP5zXX+Dkf0suzO0H0sTuOIa+Zb8pjSRz6r1PDbaDmQd09dPIryLYjZrs6C69EpN3VDl8fh0cXs+k2rtVt5Kp8dtsTa6iYyjdRf7dTVNlnKRWbdxz3sdNm6Rz8VlCtPt9mVnUkBZssK6eNeHJyv9wm6KXhn2PUH6KHKkYd2g9fNMxEbHsc4HM3iIPrP8LcMp2C887E1YxOTg5jh5gz/K9PYyyjUpsomQ/hFcNPorHKFwsCm5X9D9mVZaQmPdZWj6YUY4dBymjekBrJTaisvgwh1KM8Eik2FS3VGLTyUxtGF14VZSFcsrDPJJTIST/tB1ZOaUQFATgo6U6h2wnSEEBdhbWbogmcLoeEGF0U0NYylBHPXM6YaaaaaDqhlEhDVS+MguprgpIdqN1kP8ZDxGIytJ4gW8eC4KSbi6FgDxcAfqR6J57UBqUVtSq1mRp0nO79zp3R/wAjPkqHtbiMzD1j6lX+JwTHEvcXEtMtANt3SRxvf0WW7R3aRyDPqqzLlrRW008MlV4JEQ0u8gu1hYIdd1mjhcroRzM0XZPC5g5/WPRbqhTloWU7DGWPadA70kBbahRsoWvTo43+0ra2EkoFTDgWV4aKjDDSSSkUlHRidtYQvqMZFruPlH8qq2ls7K6I71rcYP8AC3lTCtNW9t0embkqjbWEqS1zMpcAS0coE+Zt7q8/ghaXrMJjKGR7xqATB58j5i6NTwbgwPym9/LmpGI2fUzgPEn9txDZH2WuGFGQRAsNRIjz8Ig3tf5VZTpDcMrsLEZMTSP748nL1JmPEarFs7OAvY9jspa4OINw4C+7yMA+XgY17MGCLXXNzKpxl+PGSW4xdGLQWYNI4Vc/dleqDnFLn90FHNBNOHK3c3VEn+5C4cQOajnDlN+AUe5uoc1gmOqhAdTKYaZWVAchs4XEHKkj2B1JjapRRUTGgIzgOCJlpxtW6KKiGxkoopwlGGmonZ10NTnNEI4YH8RIVE0NTwxDA6IuSzpOTMqGB0NTfEuPyiVH2lWytY3jY9ZOptPPki1GxTeb3tbXy9VW7afNRrZ0LbG4meR9F2cEpSc3LW0ExQLczAQLCZGsmJPEf4Wc25s55aSGmMonibG+mvitNWYTUPj9CTI/wfJW9OmIaCAYunqUwTTR4fiKLjYMJiZgEwJEeV1Cdw6L1DtIGiTlHOcvDecTdjuQ0Xl9Nsknnf1R64ibem5/p02fjDkWkec/wt4xsBYL+ntn1hzaw+7lvwFGvpePhwtlNLLIhVdtja9PDMzvNz3WDvPPID78EEMyNtvE08Ow1XmPlAHee7g1v5ZZbYuKqVn1cS/uthrG72VsFrzBA6NBNtTyhZ7bO034l5e89GMHdY3kPueK1exMOGYelMSRnkxALnSCTYSA5ts7SQ42V5nCNV2HVsOMwi8bsyHTlnLcftDXHnMcVNIgSTHN08ImXHQ2+Y2IEzLSEgy95nUTAcYERJIce6BIDt5oMlBxLnOzEOyhsiQAHfKQ64OQbzXZTEQ68EKuiYOfVayxJk6Ng5nEEaNbJkGLjkTMgzIw+Od3rtA1mJiRvENlrbGSHERDtFX0abRIDYBGYjeLi3eN5zF0AvFw8SwQ5Fe62bWCdL65pAdLv3xDmnebbgs/QGjw2PDrGAfbqpRIWTo1rWuBA1BvlafI3Vhg8Y7QyROUfn5oVzcv/wAsv90/9Fo5mvGXKRhCa5KVw9Tp0I4hDJQ6j0IPWwI+EnQuF6GSskZsdASUf4h5JLYDSwptGia9sHVRy85kU3VH8FkKHwnfGlBeLIYdCyGwmBy7nlBYZCI0JsFbCMCcSh/EEJAygAdIKSY1i4VjB8T3GtmJI9z1VBiW58Q0Di+Y0MAyY593gr3FPgg38ug6EfdUux6ees936ReObyG3EdDq3zXbCxHLT9LqnRh7jzLj7x+cVMe7K09AgMAkReSST9P+1zHvAZHMgepvHlPPwN0TGD7ZV4Y8cSS3reGcWg8Dr6rE0Qr/ALX1icjYid7Qj9x1aOLxwCoaQui/opr+w9eMQGn52Ob/ALgQ4ewcvSMll5NsOpkq0n8ntH/I5T7OK2u2u2NKgSxjTUeNQLMaeTncfAeyjUtvwtFJL0ldoNtMwrJdvPcDkYNXdTyb1XmO0cY+u81KjpcdP0tb+lo4BExmLNZ76lRxLzcngANABwA0AVc9/IfnVPMqRKrRrhmOUcbSeZ+y9KDcha0cGhrdZIaCA0XBOj22c7Ubq882XTzV6LYJmozSSYzAnS+kr0XECHPHHR0eUEtyzE5DLmOGt08/QA3WkDhY8pkAOcA21/hu3mfM691FeQQJENPdPIERDL8GvPceP/r7qK+CG8AbN4QI+UzEhpPceD/49EEuu4m51eBM/NmDrT/7e+0jS6cxwGxJ4GSCLB2pBBEA5mO7wad/vXlDxJDYk8rkiS0Q5133gtazUuab3CK2d2O98p8HDulpmC5je44jf7qFVcMzQ3TvCw11BIETuw27QecrCiL4F5Bgi9jDRlnek5bC4Lm3uEbDwHN0PExB11uGO+qitYLCTAINrXFw48nSJkXRgbiSddSSYvbVAJrHIbnojLgFNcRK8xo7dGhsprwnPqILSSgkFsTjZNzIpAKDUdlRwyZyySj/ABElsD4SMMc54qS9sHVQadUA2KO55d16lH8E28Y97rohaFGHVHYbLIGhrQnBwQGMvqpIhHBmcyApzbIbnDhdEpiVsAngJ9Zdw13N8UqtETMouCZvTyB/haU3SGprq2M2g6Gv/wBJ9yG/dRtg0dwvIu5/syAffMnY98tfys3nzmLzrGhPgp2zqWWmwRcNBPEZnbx3hbUnWF3fg4x9HeI6E+mn57iVX7cr2IHHMLxfdyjXXeeODtNAVashogf59df+jqsxtWuZJ4CCToLZn3OZrT3GC7neARn6Y8/7TPmvERA5RqT+xvADgq5hRdqPzVn9CG2jg0A6W1lCag/opbYJ0x4j2ufZqi49+8fwlLDTBgx15fL9z6IePOZ5Mz9hyWMRy8lIuhNhMKxi37KNL8ZQH7nO9GPI4HjHArb4mJI0EwO7GhkCDlBALxuljv8AxjWFk+w9Mf3Mn5ab3cP2tMSRfePGVqcW/ecTcjvayYJsZGbKS2p3g9u/qmkP4BVSd7NrBz6zxJDiWyBIqDfaRvDeTbjKIk/Lpc3uwTeS35Hf/p3Uhq0C5F269BLADMS1h3HRvndTQRBizTF7RO6BnkZSY+F32tNjdMA4BIde3dmQRyBdIiY+GYeAbG6iOeHPcbjLu3mG6OIzScpBLBc+BhSXvgF1xlBkXBa0gm57zRlzj527oVfhHWLuPePAgkkm7QHMkktuC3dWZicGWNjEx03Y04auI9FxrgHatm3zNBsLmJQBBEjLwmPhzdrSbtY5FZPAO8s4F/JgKwxrWP3Gx+kfRDDb3XMM6WMP7R7eZ+pRWXXm2v3M60/EOEKLWqXhqlPpyomSDKUfwLSpEaoONYeEKQypZRMRXvCxgduaSCksbENwZ4EXKt8IADe4SSRkRhcWwTbVRCYMJJJgo63ExZSW7wlJJKZnG0r6oufKupIoVJHAzNdSqTIakkqcf8gcn8SrLc7XiZzVA0zxBgcbGJ4hXGcEmNRA63MC5bPHmUkl1HMRsZXytceAaST00HA24aHTTQrL7VdlJLt28STeMzWagOdox3zDVJJGQM84q1Mz3umZe48eLieK60pJIADNeYIHT2n+VwrqSxgTgmhJJYxqewpDX13zEMDRciZdmIsDqG8RCu64yudwyXI0ykGA7dNpNMXYR3jLUkk8h/AMNJho4jMNLtgbxFmujNSN8rt0pgdbNNiYBkiLTlzd4br3CDnbuhJJEBE2o/JTcIuDdttS6CYFhdpu0iZMi6jMsQJ7pFxYmHAOPSTKSSDMSWlxHefaPndpcaE/tXMjTaLyRJ14cUkkUY1Wzb0meBHuVKYICSS87k/k/wDk7Z/ihjqkAqvc4+XiupJV8D/uHtqEhRXUplx8lxJFApgvhH8K6kktrDh//9k=', 1);
INSERT INTO virtual_teacher.users (user_id, first_name, last_name, email, password, role_id, profile_picture_url, is_activated) VALUES (4, 'Stanislav', 'Hristov', 'stanislav.hristov@example.com', 'Stanislav.hristov@123', 2, 'https://encrypted-tbn0.gstatic.com/images?q=tbn:ANd9GcTHxzM_e4qVtnPZttfPhbjcPssC78WndotRPg&usqp=CAU', 1);
INSERT INTO virtual_teacher.users (user_id, first_name, last_name, email, password, role_id, profile_picture_url, is_activated) VALUES (5, 'Maria', 'Petrova', 'maria.petrova@example.com', 'Maria.petrova@123', 2, 'https://encrypted-tbn0.gstatic.com/images?q=tbn:ANd9GcQ9yZyF373WSegLRC8Oo6ugxmprvSOEgF07Og&usqp=CAU', 1);
INSERT INTO virtual_teacher.users (user_id, first_name, last_name, email, password, role_id, profile_picture_url, is_activated) VALUES (6, 'Polina', 'Uzunova', 'polina.uzunova@example.com', 'Polina.uzunova@123', 2, 'https://encrypted-tbn0.gstatic.com/images?q=tbn:ANd9GcRYxsG3Ac8-CCLG3PzEvZXAfVoQxmjHleJqjg&usqp=CAU', 1);
INSERT INTO virtual_teacher.users (user_id, first_name, last_name, email, password, role_id, profile_picture_url, is_activated) VALUES (7, 'Dimitar', 'Tsanev', 'dimitarit1627@gmail.com', 'Dimitar@123', 3, 'https://cdn5.vectorstock.com/i/1000x1000/34/29/man-with-inscription-admin-icon-outline-style-vector-30713429.jpg', 1);
INSERT INTO virtual_teacher.users (user_id, first_name, last_name, email, password, role_id, profile_picture_url, is_activated) VALUES (8, 'Preslav', 'Marinov', 'preslavmmarinov@abv.bg', 'Preslav@123', 3, 'https://cdn5.vectorstock.com/i/1000x1000/34/29/man-with-inscription-admin-icon-outline-style-vector-30713429.jpg', 1);
INSERT INTO virtual_teacher.users (user_id, first_name, last_name, email, password, role_id, profile_picture_url, is_activated) VALUES (9, 'Karina', 'Ivanova', 'carrie.ivanova93@gmail.com', 'Karina@123', 3, 'http://res.cloudinary.com/dadyjdpd5/image/upload/v1702403121/profile-photos/yjeahznvoo4q0snsguss.jpg', 1);
INSERT INTO virtual_teacher.users (user_id, first_name, last_name, email, password, role_id, profile_picture_url, is_activated) VALUES (11, 'Svetlana', 'Petrova', 'svetlana@example.com', 'Svetlana@123', 1, 'https://cdn.actualno.eu/actualno_2013/upload/news/2023/03/18/6415e78cec441f87bf2500e9ae761a7a977f8a21234de_1929864_920x708.webp', 1);

INSERT INTO virtual_teacher.courses (course_id, title, topic_id, description, creator_id, is_published, start_date, minimum_grade, rating) VALUES (1, 'Web Design Course', 1, 'Learn how to design a website from scratch.
We will be publishing videos every week to cover everything you need to know to get started as a web designer. If you are already one, you can use this course to recap those concepts you need to get stronger at.
', 4, 1, '2023-11-08 16:24:08', 2, 5);
INSERT INTO virtual_teacher.courses (course_id, title, topic_id, description, creator_id, is_published, start_date, minimum_grade, rating) VALUES (2, 'Wordpress', 1, 'Delve into the cataclysmic events of the 20th century, exploring the origins, strategies, and consequences of World War I and II. Understand the socio-political upheavals, technological advancements, and the lasting impact of these conflicts on global geopolitics and societal structures.', 4, 1, '2023-12-08 16:24:59', 3, 5);
INSERT INTO virtual_teacher.courses (course_id, title, topic_id, description, creator_id, is_published, start_date, minimum_grade, rating) VALUES (3, 'Best tools for Graphic Designers', 2, 'Best hardware and software for graphic designers, Comparison and review of graphic design tools, Tech stack for graphic designers, Best resources for graphic designers 2023', 5, 1, '2023-11-03 16:25:35', 4, 5);
INSERT INTO virtual_teacher.courses (course_id, title, topic_id, description, creator_id, is_published, start_date, minimum_grade, rating) VALUES (4, 'Freelance Tips', 2, 'Many people all around the world have pay me for this kind of advice. Here you have it for free.
.', 5, 1, '2023-11-13 16:26:35', 4, 4);
INSERT INTO virtual_teacher.courses (course_id, title, topic_id, description, creator_id, is_published, start_date, minimum_grade, rating) VALUES (5, '', 2, '', 5, 0, '2023-11-17 16:27:03', 2, 5);
INSERT INTO virtual_teacher.courses (course_id, title, topic_id, description, creator_id, is_published, start_date, minimum_grade, rating) VALUES (6, '', 3, '', 4, 1, '2023-11-03 16:27:59', 3, 5);
INSERT INTO virtual_teacher.courses (course_id, title, topic_id, description, creator_id, is_published, start_date, minimum_grade, rating) VALUES (7, '', 3, '', 5, 0, '2023-11-02 16:28:02', 2, 5);
INSERT INTO virtual_teacher.courses (course_id, title, topic_id, description, creator_id, is_published, start_date, minimum_grade, rating) VALUES (8, '', 3, '', 6, 1, '2023-11-11 16:28:05', 3, 5);
INSERT INTO virtual_teacher.courses (course_id, title, topic_id, description, creator_id, is_published, start_date, minimum_grade, rating) VALUES (9, 'Best Websites on the Internet', 1, 'This is the inspiration you are looking for.

Broaden your horizons of whats possible and check out for yourself what the top designers are making for clients in specific industries or with Webflow, the best tool for web design right now.', 4, 0, '2024-01-04 21:51:49', 4, 4);
INSERT INTO virtual_teacher.lectures (lecture_id, title, description, video_url, assignment_url, teacher_id, course_id) VALUES (1, 'Basic Web Design Software', 'Introduction to Web Design', 'https://www.youtube.com/embed/R_gFhRsWLMw?si=srEZQ24XfPHMdZWN', 'https://study.com/academy/practice/quiz-worksheet-literary-genres.html', 4, 1);
INSERT INTO virtual_teacher.lectures (lecture_id, title, description, video_url, assignment_url, teacher_id, course_id) VALUES (2, 'Intro to Typography', 'If you really want to know how to design websites, you need to learn how to use typography.
In this episode, we help you take the first steps to master typography. In web design, typography is super important to make sure you use words in the most powerful way.', 'https://www.youtube.com/embed/OUp7ale49lI?si=soN50AhrScvad3HL', 'https://study.com/academy/practice/quiz-worksheet-literary-genres.html', 4, 1);
INSERT INTO virtual_teacher.lectures (lecture_id, title, description, video_url, assignment_url, teacher_id, course_id) VALUES (3, 'Using the right image for your Web Design', 'You are wondering: what kind of image should I use for a website? The answer is: it depends.
When we need to decide what type of imagery are we going to use for our web design, we might consider one of 3 basic choices: Photography, illustration, or 3D.', 'https://www.youtube.com/embed/BN8pC91rJaU?si=LOiin37Mx28xPsvH', 'https://study.com/academy/practice/quiz-worksheet-literary-genres.html', 4, 1);
INSERT INTO virtual_teacher.lectures (lecture_id, title, description, video_url, assignment_url, teacher_id, course_id) VALUES (4, '5 Incredible websites for you to check out', 'Need inspiration and motivation? Check these out. They are sure to get your creative juices flowing, I especially love it when they have a good sense of humor and make you want to create something unique of your own.', 'https://www.youtube.com/embed/F9wC9R4ELVc?si=Up0xTduNQ4kLjOTU', 'https://blog.burbankids.com/biology-trivia-questions/', 4, 9);
INSERT INTO virtual_teacher.lectures (lecture_id, title, description, video_url, assignment_url, teacher_id, course_id) VALUES (5, 'Website Redesign', 'In this video, we go over our redesign of a welding machine company called Microweld. The name of the game with this one was "clarification". ', 'https://www.youtube.com/embed/kFXKq_vZM9M?si=_721-IrUe5bBjKmr', 'https://quizizz.com/admin/quiz/5c65816a6850410020576bc4/the-rise-and-fall-of-the-roman-empire', 4, 9);
INSERT INTO virtual_teacher.lectures (lecture_id, title, description, video_url, assignment_url, teacher_id, course_id) VALUES (6, 'Easily Remove Background in Photoshop', 'Todays video answers the question to one of the hard skills that you will almost certainly need as a designer today: How to remove a background and its elements. Work along with Matt on this tutorial. Here is the image hes using: https://unsplash.com/photos/aeNg4YA41P8', 'https://www.youtube.com/embed/ntk3IVzfIYs?si=KwaukKTR8QwJ0pBU', 'https://study.com/academy/practice/quiz-worksheet-literary-genres.html', 5, 3);
INSERT INTO virtual_teacher.lectures (lecture_id, title, description, video_url, assignment_url, teacher_id, course_id) VALUES (7, 'Canva Better than InDesign?', 'Instead of InDesign, how about Canva? Many of you will probably think we are joking, but if you do a lot of print related work, you should definitely check out this tool. ', 'https://www.youtube.com/embed/HM6qL4osW6Y?si=kz9lIswr70ffPwKD ', 'https://socialsci.libretexts.org/Bookshelves/Sociology/Introduction_to_Sociology/Sociology_(Boundless)/21%3A_Social_Change/21.03%3A_Social_Movements/21.3B%3A_Types_of_Social_Movements', 5, 3);
INSERT INTO virtual_teacher.lectures (lecture_id, title, description, video_url, assignment_url, teacher_id, course_id) VALUES (10, 'Editor X (by Wix) VS Webflow', 'By very popular demand: My take on the Editor X (by Wix) vs Webflow situation.
Webflow is obviously my tool of choice and its capabilities are what make it my absolute favourite software when it comes to creating super high-value websites with great customizability.', 'https://www.youtube.com/embed/jddyfp3-TLM?si=6UR_eZEa223kApzr', 'https://blog.burbankids.com/biology-trivia-questions/', 5, 3);
INSERT INTO virtual_teacher.lectures (lecture_id, title, description, video_url, assignment_url, teacher_id, course_id) VALUES (11, 'Figma carousel animation in 5 minutes', 'Master Figma for web design with our new, in-depth Figma course: https://t.ly/w67Ma


Carousels are super popular in web design, but in order to show clients how they work, we need to animate them. So, in this video we’ll take on the challenge of animating this carousel together in just 5 minutes!', 'https://www.youtube.com/embed/4YFRYho3vuM?si=tPK4YsGNP7S-iqUD', 'https://blog.burbankids.com/biology-trivia-questions/', 4, 2);
INSERT INTO virtual_teacher.lectures (lecture_id, title, description, video_url, assignment_url, teacher_id, course_id) VALUES (12, 'Apple Text Animation With Webflow Tutorial', 'Animations can make your website feel more polished and professional! In this video you’ll learn how to create this amazing animation JUST like the one Apple uses for their product pages. We’ll be using Jonas Arleth’s work who created the original cloneable we’ll be utilizing today.', 'https://www.youtube.com/embed/FW-T7L20BDU?si=k7TyxniUZgI4pUfg', 'https://blog.burbankids.com/biology-trivia-questions/', 4, 2);



INSERT INTO virtual_teacher.assignments_submissions (assignment_id, lecture_id, user_id, assignment_url, grade_id) VALUES (1, 1, 8, 'https://ik.imagekit.io/vd81nq14b/assignments/tempAssignment13582731983733153134_--C8kcksS.docx', 1);
INSERT INTO virtual_teacher.assignments_submissions (assignment_id, lecture_id, user_id, assignment_url, grade_id) VALUES (2, 1, 8, 'https://ik.imagekit.io/vd81nq14b/assignments/tempAssignment13582731983733153134_--C8kcksS.docx', 1);
INSERT INTO virtual_teacher.assignments_submissions (assignment_id, lecture_id, user_id, assignment_url, grade_id) VALUES (3, 1, 8, 'https://ik.imagekit.io/vd81nq14b/assignments/tempAssignment13582731983733153134_--C8kcksS.docx', 1);
INSERT INTO virtual_teacher.assignments_submissions (assignment_id, lecture_id, user_id, assignment_url, grade_id) VALUES (4, 1, 8, 'https://ik.imagekit.io/vd81nq14b/assignments/tempAssignment13582731983733153134_--C8kcksS.docx', 1);
INSERT INTO virtual_teacher.assignments_submissions (assignment_id, lecture_id, user_id, assignment_url, grade_id) VALUES (5, 1, 8, 'https://ik.imagekit.io/vd81nq14b/assignments/tempAssignment13582731983733153134_--C8kcksS.docx', 1);
INSERT INTO virtual_teacher.assignments_submissions (assignment_id, lecture_id, user_id, assignment_url, grade_id) VALUES (6, 1, 8, 'https://ik.imagekit.io/vd81nq14b/assignments/tempAssignment13582731983733153134_--C8kcksS.docx', 1);
INSERT INTO virtual_teacher.assignments_submissions (assignment_id, lecture_id, user_id, assignment_url, grade_id) VALUES (7, 1, 8, 'https://ik.imagekit.io/vd81nq14b/assignments/tempAssignment13582731983733153134_--C8kcksS.docx', 1);


INSERT INTO virtual_teacher.comments (comment_id, user_id, lecture_id, content) VALUES (1, 1, 1, 'good lecture');
INSERT INTO virtual_teacher.comments (comment_id, user_id, lecture_id, content) VALUES (2, 2, 2, 'excellent lecture');
INSERT INTO virtual_teacher.comments (comment_id, user_id, lecture_id, content) VALUES (3, 3, 3, 'good lecture');
INSERT INTO virtual_teacher.comments (comment_id, user_id, lecture_id, content) VALUES (4, 4, 4, 'excellent lecture');
INSERT INTO virtual_teacher.comments (comment_id, user_id, lecture_id, content) VALUES (5, 1, 5, 'good lecture');
INSERT INTO virtual_teacher.comments (comment_id, user_id, lecture_id, content) VALUES (6, 2, 6, 'good lecture');
INSERT INTO virtual_teacher.comments (comment_id, user_id, lecture_id, content) VALUES (7, 3, 7, 'excellent lecture');

INSERT INTO virtual_teacher.rates (rate_id, user_id, course_id, rate_value, comment) VALUES (1, 1, 1, 5, '"Good"');
INSERT INTO virtual_teacher.rates (rate_id, user_id, course_id, rate_value, comment) VALUES (2, 2, 2, 4, '"Satisfactory"');
INSERT INTO virtual_teacher.rates (rate_id, user_id, course_id, rate_value, comment) VALUES (3, 3, 3, 5, '"Good"');
INSERT INTO virtual_teacher.rates (rate_id, user_id, course_id, rate_value, comment) VALUES (4, 1, 4, 2, '"Insufficient"');
INSERT INTO virtual_teacher.rates (rate_id, user_id, course_id, rate_value, comment) VALUES (5, 2, 5, 4, '"Satisfactory"');

INSERT INTO virtual_teacher.enrolled_courses (enrollment_id, user_id, course_id, isFinished, graduation_status) VALUES (1, 1, 1, 0, 0);
INSERT INTO virtual_teacher.enrolled_courses (enrollment_id, user_id, course_id, isFinished, graduation_status) VALUES (2, 2, 2, 0, 0);
INSERT INTO virtual_teacher.enrolled_courses (enrollment_id, user_id, course_id, isFinished, graduation_status) VALUES (3, 3, 2, 0, 0);
INSERT INTO virtual_teacher.enrolled_courses (enrollment_id, user_id, course_id, isFinished, graduation_status) VALUES (4, 9, 1, 1, 1);
INSERT INTO virtual_teacher.enrolled_courses (enrollment_id, user_id, course_id, isFinished, graduation_status) VALUES (5, 2, 2, 0, 0);
INSERT INTO virtual_teacher.enrolled_courses (enrollment_id, user_id, course_id, isFinished, graduation_status) VALUES (6, 3, 2, 0, 0);
INSERT INTO virtual_teacher.enrolled_courses (enrollment_id, user_id, course_id, isFinished, graduation_status) VALUES (7, 1, 2, 0, 0);



